nome,cpf,telefone,email,uniao,associacao,escola_igreja,localTrabalho
Pessoa 1,1,5521900000001,pessoa1@exemplo.com,Uniao Suceste,Goiana,Escola/Igreja 3,Empresa 3
Pessoa 2,2,5562900000002,pessoa2@exemplo.com,Uniao Suceste,Mineira,Escola/Igreja 3,Empresa 3
Pessoa 3,3,5556900000003,pessoa3@exemplo.com,Uniao Suceste,Goiana,Escola/Igreja 7,Empresa 1
Pessoa 4,4,5517900000004,pessoa4@exemplo.com,Uniao Suceste,Goiana,Escola/Igreja 6,Empresa 2
Pessoa 5,5,5515900000005,pessoa5@exemplo.com,Uniao Central,Mineira,Escola/Igreja 6,Empresa 6
Pessoa 6,6,5587900000006,pessoa6@exemplo.com,Uniao Central,Mineira,Escola/Igreja 8,Empresa 9
Pessoa 7,7,5556900000007,pessoa7@exemplo.com,Uniao Suceste,Paranaense,Escola/Igreja 7,Empresa 3
Pessoa 8,8,5578900000008,pessoa8@exemplo.com,Uniao Central,Goiana,Escola/Igreja 9,Empresa 1
Pessoa 9,9,5529900000009,pessoa9@exemplo.com,Uniao Suceste,Mineira,Escola/Igreja 6,Empresa 6
